<?xml version="1.0" encoding="UTF-8"?><ValueSet xmlns="http://hl7.org/fhir"><id value="mh-toc-disseminated-intravascular-coagulation-ICD"/><text><status value="generated"/><div xmlns="http://www.w3.org/1999/xhtml"><ul><li>Include these codes as defined in <a href="http://terminology.hl7.org/3.1.0/CodeSystem-icd10CM.html"><code>http://hl7.org/fhir/sid/icd-10-cm</code></a><table class="none"><tr><td style="white-space:nowrap"><b>Code</b></td><td><b>Display</b></td></tr><tr><td>O10.01</td><td>Pre-existing essential hypertension complicating pregnancy,</td></tr><tr><td>O10.011</td><td>Pre-existing essential hypertension complicating pregnancy, first trimester</td></tr><tr><td>O10.012</td><td>Pre-existing essential hypertension complicating pregnancy, second trimester</td></tr><tr><td>O10.013</td><td>Pre-existing essential hypertension complicating pregnancy, third trimester</td></tr><tr><td>O10.019</td><td>Pre-existing essential hypertension complicating pregnancy, unspecified trimester</td></tr><tr><td>O10.02</td><td>Pre-existing essential hypertension complicating childbirth</td></tr><tr><td>O10.03</td><td>Pre-existing essential hypertension complicating the puerperium</td></tr><tr><td>O10.11</td><td>Pre-existing hypertensive heart disease complicating pregnancy</td></tr><tr><td>O10.111</td><td>Pre-existing hypertensive heart disease complicating pregnancy, first trimester</td></tr><tr><td>O10.112</td><td>Pre-existing hypertensive heart disease complicating pregnancy, second trimester</td></tr><tr><td>O10.113</td><td>Pre-existing hypertensive heart disease complicating pregnancy, third trimester</td></tr><tr><td>O10.119</td><td>Pre-existing hypertensive heart disease complicating pregnancy, unspecified trimester</td></tr><tr><td>O10.12</td><td>Pre-existing hypertensive heart disease complicating childbirth</td></tr><tr><td>O10.13</td><td>Pre-existing hypertensive heart disease complicating the puerperium</td></tr><tr><td>O10.211</td><td>Pre-existing hypertensive chronic kidney disease complicating pregnancy, first trimester</td></tr><tr><td>O10.212</td><td>Pre-existing hypertensive chronic kidney disease complicating pregnancy, second trimester</td></tr><tr><td>O10.213</td><td>Pre-existing hypertensive chronic kidney disease complicating pregnancy, third trimester</td></tr><tr><td>O10.219</td><td>Pre-existing hypertensive chronic kidney disease complicating pregnancy, unspecified trimester</td></tr><tr><td>O10.22</td><td>Pre-existing hypertensive chronic kidney disease complicating childbirth</td></tr><tr><td>O10.23</td><td>Pre-existing hypertensive chronic kidney disease complicating the puerperium</td></tr><tr><td>O10.311</td><td>Pre-existing hypertensive heart and chronic kidney disease complicating pregnancy, first trimester</td></tr><tr><td>O10.312</td><td>Pre-existing hypertensive heart and chronic kidney disease complicating pregnancy, second trimester</td></tr><tr><td>O10.313</td><td>Pre-existing hypertensive heart and chronic kidney disease complicating pregnancy, third trimester</td></tr><tr><td>O10.319</td><td>Pre-existing hypertensive heart and chronic kidney disease complicating pregnancy, unspecified trimester</td></tr><tr><td>O10.32</td><td>Pre-existing hypertensive heart and chronic kidney disease complicating childbirth</td></tr><tr><td>O10.33</td><td>Pre-existing hypertensive heart and chronic kidney disease complicating the puerperium</td></tr><tr><td>O10.41</td><td>Pre-existing secondary hypertension complicating pregnancy</td></tr><tr><td>O10.411</td><td>Pre-existing secondary hypertension complicating pregnancy, first trimester</td></tr><tr><td>O10.412</td><td>Pre-existing secondary hypertension complicating pregnancy, second trimester</td></tr><tr><td>O10.413</td><td>Pre-existing secondary hypertension complicating pregnancy, third trimester</td></tr><tr><td>O10.419</td><td>Pre-existing secondary hypertension complicating pregnancy, unspecified trimester</td></tr><tr><td>O10.42</td><td>Pre-existing secondary hypertension complicating childbirth</td></tr><tr><td>O10.43</td><td>Pre-existing secondary hypertension complicating the puerperium</td></tr><tr><td>O10.91</td><td>Unspecified pre-existing hypertension complicating pregnancy</td></tr><tr><td>O10.911</td><td>Unspecified pre-existing hypertension complicating pregnancy, first trimester</td></tr><tr><td>O10.912</td><td>Unspecified pre-existing hypertension complicating pregnancy, second trimester</td></tr><tr><td>O10.913</td><td>Unspecified pre-existing hypertension complicating pregnancy, third trimester</td></tr><tr><td>O10.919</td><td>Unspecified pre-existing hypertension complicating pregnancy, unspecified trimester</td></tr><tr><td>O10.92</td><td>Unspecified pre-existing hypertension complicating childbirth</td></tr><tr><td>O10.93</td><td>Unspecified pre-existing hypertension complicating the puerperium</td></tr><tr><td>O11</td><td>Pre-existing hypertension with pre-eclampsia</td></tr><tr><td>O11.1</td><td>Pre-existing hypertension with pre-eclampsia, first trimester</td></tr><tr><td>O11.2</td><td>Pre-existing hypertension with pre-eclampsia, second trimester</td></tr><tr><td>O11.3</td><td>Pre-existing hypertension with pre-eclampsia, third trimester</td></tr><tr><td>O11.4</td><td>Pre-existing hypertension with pre-eclampsia, complicating childbirth</td></tr><tr><td>O11.5</td><td>Pre-existing hypertension with pre-eclampsia, complicating the puerperium</td></tr><tr><td>O11.9</td><td>Pre-existing hypertension with pre-eclampsia, unspecified trimester</td></tr><tr><td>O13</td><td>Gestational [pregnancy-induced] hypertension without significant proteinuria</td></tr><tr><td>O13.1</td><td>Gestational [pregnancy-induced] hypertension without significant proteinuria, first trimester</td></tr><tr><td>O13.2</td><td>Gestational [pregnancy-induced] hypertension without significant proteinuria, second trimester</td></tr><tr><td>O13.3</td><td>Gestational [pregnancy-induced] hypertension without significant proteinuria, third trimester</td></tr><tr><td>O13.4</td><td>Gestational [pregnancy-induced] hypertension without significant proteinuria, complicating childbirth</td></tr><tr><td>O13.5</td><td>Gestational [pregnancy-induced] hypertension without significant proteinuria, complicating the puerperium</td></tr><tr><td>O13.9</td><td>Gestational [pregnancy-induced] hypertension without significant proteinuria, unspecified trimester</td></tr><tr><td>O14.00</td><td>Mild to moderate pre-eclampsia, unspecified trimester</td></tr><tr><td>O14.02</td><td>Mild to moderate pre-eclampsia, second trimester</td></tr><tr><td>O14.03</td><td>Mild to moderate pre-eclampsia, third trimester</td></tr><tr><td>O14.04</td><td>Mild to moderate pre-eclampsia, complicating childbirth</td></tr><tr><td>O14.05</td><td>Mild to moderate pre-eclampsia, complicating the puerperium</td></tr><tr><td>O14.1</td><td>Severe pre-eclampsia</td></tr><tr><td>O14.10</td><td>Severe pre-eclampsia, unspecified trimester</td></tr><tr><td>O14.12</td><td>Severe pre-eclampsia, second trimester</td></tr><tr><td>O14.13</td><td>Severe pre-eclampsia, third trimester</td></tr><tr><td>O14.14</td><td>Severe pre-eclampsia complicating childbirth</td></tr><tr><td>O14.15</td><td>Severe pre-eclampsia, complicating the puerperium</td></tr><tr><td>O14.2</td><td>HELLP syndrome</td></tr><tr><td>O14.20</td><td>HELLP syndrome (HELLP), unspecified trimester</td></tr><tr><td>O14.22</td><td>HELLP syndrome (HELLP), second trimester</td></tr><tr><td>O14.23</td><td>HELLP syndrome (HELLP), third trimester</td></tr><tr><td>O14.24</td><td>HELLP syndrome, complicating childbirth</td></tr><tr><td>O14.25</td><td>HELLP syndrome, complicating the puerperium</td></tr><tr><td>O14.9</td><td>Unspecified pre-eclampsia</td></tr><tr><td>O14.90</td><td>Unspecified pre-eclampsia, unspecified trimester</td></tr><tr><td>O14.92</td><td>Unspecified pre-eclampsia, second trimester</td></tr><tr><td>O14.93</td><td>Unspecified pre-eclampsia, third trimester</td></tr><tr><td>O14.94</td><td>Unspecified pre-eclampsia, complicating childbirth</td></tr><tr><td>O14.95</td><td>Unspecified pre-eclampsia, complicating the puerperium</td></tr><tr><td>O15</td><td>Eclampsia</td></tr><tr><td>O15.0</td><td>Eclampsia complicating pregnancy</td></tr><tr><td>O15.00</td><td>Eclampsia complicating pregnancy, unspecified trimester</td></tr><tr><td>O15.02</td><td>Eclampsia complicating pregnancy, second trimester</td></tr><tr><td>O15.03</td><td>Eclampsia complicating pregnancy, third trimester</td></tr><tr><td>O15.1</td><td>Eclampsia complicating labor</td></tr><tr><td>O15.2</td><td>Eclampsia complicating the puerperium</td></tr><tr><td>O15.9</td><td>Eclampsia, unspecified as to time period</td></tr><tr><td>O16</td><td>Unspecified maternal hypertension</td></tr><tr><td>O16.1</td><td>Unspecified maternal hypertension, first trimester</td></tr><tr><td>O16.2</td><td>Unspecified maternal hypertension, second trimester</td></tr><tr><td>O16.3</td><td>Unspecified maternal hypertension, third trimester</td></tr><tr><td>O16.4</td><td>Unspecified maternal hypertension, complicating childbirth</td></tr><tr><td>O16.5</td><td>Unspecified maternal hypertension, complicating the puerperium</td></tr><tr><td>O16.9</td><td>Unspecified maternal hypertension, unspecified trimester</td></tr></table></li></ul></div></text><url value="http://example.org/ValueSet/isseminated-intravascular-coagulation-ICD"/><version value="0.1.0"/><name value="ValueSetMHTOCDisseminatedIntravascularCoagulationICD10"/><title value="MH TOC Disseminated Intravascular Coagulation ICD10"/><status value="draft"/><experimental value="false"/><date value="2025-07-25"/><publisher value="Example Publisher"/><contact><name value="Example Publisher"/><telecom><system value="url"/><value value="http://example.org/example-publisher"/></telecom></contact><description value="This value set includes terms related to the severe maternal morbidity indicator of disseminated intravascular coagulation."/><copyright value="ICD-10-cm"/><compose><include><system value="http://hl7.org/fhir/sid/icd-10-cm"/><concept><code value="D65"/><display value="Disseminated intravascular coagulation [defibrination syndrome]"/></concept><concept><code value="D68.8"/><display value="Other specified coagulation effects"/></concept><concept><code value="O45.002"/><display value="Premature separation of placenta with coagulation defect, unspecified, second trimester"/></concept></include></compose></ValueSet>