[
  {
    "id" : "fhir.example",
    "type" : "ImplementationGuide",
    "url" : "http://example.org/ImplementationGuide/fhir.example",
    "version" : "0.1.0",
    "name" : "USCDI_Postpartum_TOC"
  },
  {
    "id" : "MyPatient",
    "type" : "StructureDefinition",
    "url" : "http://example.org/StructureDefinition/MyPatient",
    "version" : "0.1.0",
    "name" : "MyPatient"
  },
  {
    "id" : "mh-toc-parity",
    "type" : "StructureDefinition",
    "url" : "http://example.org/StructureDefinition/mh-toc-parity",
    "version" : "0.1.0",
    "name" : "MHTOCParityProfile"
  }
]
