{
  "codeSystems" : [
    {
      "url" : "http://hl7.org/fhir/us/core/ValueSet/us-core-simple-observation-category",
      "version" : "8.0.0",
      "status" : "active",
      "name" : "USCoreSimpleObservationCategory",
      "title" : "US Core Simple Observation Category",
      "description" : "This value set is a value set of category codes used in the US Core Simple Observation and Condition Problems and Health Concerns Profiles that any conformant system **SHOULD** support to help identify the type of USCDI Health Status/Assessment data class being reported.",
      "systems" : [
        "http://hl7.org/fhir/us/core/CodeSystem/us-core-category",
        "http://terminology.hl7.org/CodeSystem/observation-category"
      ],
      "oids" : ["2.16.840.1.113883.4.642.40.2.48.14"],
      "sources" : ["2.16.840.1.113883.4.642.40.2.48.14"],
      "uses" : {
      },
      "StructureDefinition-mh-toc-parity.html" : "MH TOC Parity Profile"
    }
  ]
}
