{
  "resourceType" : "Bundle",
  "id" : "36840e07-efe3-4180-934c-b2d13f02d46b",
  "meta" : {
    "lastUpdated" : "2025-07-25T16:07:19.643-04:00"
  },
  "type" : "collection",
  "entry" : [{
    "fullUrl" : "http://example.org/ValueSet/isseminated-intravascular-coagulation-ICD",
    "resource" : {
      "resourceType" : "ValueSet",
      "text" : {
        "status" : "generated",
        "div" : "<div xmlns=\"http://www.w3.org/1999/xhtml\"><p class=\"res-header-id\"/><p style=\"border: black 1px dotted; background-color: #EEEEEE; padding: 8px; margin-bottom: 8px\">Expansion from tx.fhir.org based on codesystem International Classification of Diseases, 10th Revision, Clinical Modification (ICD-10-CM) version2024</p><p>This value set contains 3 concepts</p><table class=\"codes\"><tr><td style=\"white-space:nowrap\"><b>Code</b></td><td><b>System</b></td><td><b>Display (en-US)</b></td></tr><tr><td style=\"white-space:nowrap\"><a name=\"x-http://hl7.org/fhir/sid/icd-10-cm-D65\"> </a>\u00a0\u00a0D65</td><td>http://hl7.org/fhir/sid/icd-10-cm</td><td>Disseminated intravascular coagulation</td></tr><tr><td style=\"white-space:nowrap\"><a name=\"x-http://hl7.org/fhir/sid/icd-10-cm-D68.8\"> </a>\u00a0\u00a0D68.8</td><td>http://hl7.org/fhir/sid/icd-10-cm</td><td>Other specified coagulation defects</td></tr><tr><td style=\"white-space:nowrap\"><a name=\"x-http://hl7.org/fhir/sid/icd-10-cm-O45.002\"> </a>\u00a0\u00a0O45.002</td><td>http://hl7.org/fhir/sid/icd-10-cm</td><td>Prem separtn of placenta w coag defect, unsp, second tri</td></tr></table></div>"
      },
      "url" : "http://example.org/ValueSet/isseminated-intravascular-coagulation-ICD",
      "version" : "0.1.0",
      "name" : "ValueSetMHTOCDisseminatedIntravascularCoagulationICD10",
      "title" : "MH TOC Disseminated Intravascular Coagulation ICD10",
      "status" : "draft",
      "experimental" : false,
      "date" : "2025-07-25",
      "expansion" : {
        "identifier" : "urn:uuid:4369393d-ae8d-4d11-8755-5ef325a3a571",
        "timestamp" : "2025-07-25T16:07:49-04:00",
        "total" : 3,
        "offset" : 0,
        "parameter" : [{
          "name" : "displayLanguage",
          "valueCode" : "en-US"
        },
        {
          "name" : "count",
          "valueInteger" : 1000
        },
        {
          "name" : "offset",
          "valueInteger" : 0
        },
        {
          "name" : "excludeNested",
          "valueBoolean" : false
        },
        {
          "name" : "used-valueset",
          "valueUri" : "null"
        },
        {
          "name" : "used-codesystem",
          "valueUri" : "http://hl7.org/fhir/sid/icd-10-cm|2024"
        },
        {
          "name" : "version",
          "valueUri" : "http://hl7.org/fhir/sid/icd-10-cm|2024"
        }],
        "contains" : [{
          "system" : "http://hl7.org/fhir/sid/icd-10-cm",
          "code" : "D65",
          "display" : "Disseminated intravascular coagulation"
        },
        {
          "system" : "http://hl7.org/fhir/sid/icd-10-cm",
          "code" : "D68.8",
          "display" : "Other specified coagulation defects"
        },
        {
          "system" : "http://hl7.org/fhir/sid/icd-10-cm",
          "code" : "O45.002",
          "display" : "Prem separtn of placenta w coag defect, unsp, second tri"
        }]
      }
    }
  }]
}